evals,median,q25,q75
40,269.05794238412636,262.05793596885314,276.89489220521625
120,238.8251416243598,227.07882925662437,248.6532706462593
200,210.53513771360042,197.6337695678817,220.55759269813288
280,181.77506186636793,166.00775869557754,192.0520551071042
360,172.60040813133492,156.50832351978465,177.185586120099
440,159.5385512176512,141.13300879908297,167.53189700615724
520,151.79354847331382,135.60346986226762,156.62179370968795
600,140.1260843532106,123.93295059844296,149.034727619524
680,132.53804609851497,118.79739492434683,141.81054781015223
760,124.73925374979663,117.41381740743446,134.75325541709378
840,116.47162793482639,109.71841043678577,127.25953079102702
920,111.07433149442647,106.9981568003019,114.62646167270103
1000,105.08749549389786,95.5693789681442,106.80788447886901
1080,92.9483596974346,87.7626355487274,102.06428875548538
1160,89.01240387385931,79.15555788646624,94.47733958438202
1240,88.49193822281701,79.15555788646624,91.37945738968983
1320,85.90257643837528,75.89213820518155,89.07961344857894
1400,77.40024263107975,67.6760987296264,84.20489618154369
1480,76.73599877462985,67.1227256530009,79.70551558962008
1560,70.42855339401169,60.74011145718346,74.16104455242433
1640,67.64477259479511,58.603162875824545,72.5691808628225
1720,61.799622548728536,58.603162875824545,70.528041165066
1800,60.83433119194922,56.84077943946406,62.868821398062536
1880,58.79216834941711,51.758101267303495,62.868821398062536
1960,53.6796859160883,50.26482107905366,61.02623202077047
2040,51.50926498967192,49.787965995986795,60.50377850030276
2120,51.50926498967192,48.80075534075841,56.971851667190634
2200,46.80196264533325,43.62701674344614,56.92474919117012
2280,46.17921325748303,41.24039707731283,51.5737534559897
2360,44.054794611498465,40.725207666877765,50.26036502782105
2440,44.054794611498465,37.432767714230664,47.77725427379835
2520,42.16153334934157,37.251708811631715,46.00141256905046
2600,41.28304855347585,35.390536815056734,44.794203618829314
2680,38.2016357246691,33.40362036418206,43.92675460418877
2760,36.99849361714239,32.976440204276074,43.60911729855045
2840,36.21464266645842,28.72043357960588,42.48432729998818
2920,33.376683842982544,28.72043357960588,42.18127914156457
3000,32.33142999050662,28.002931937170715,37.34591916815288
3080,32.24113689220718,26.57166719794253,35.23187446623594
3160,28.981080256089555,25.94509758525662,34.821654332755465
3240,28.929157858737852,25.360852425153723,32.71409521659796
3320,28.32227001474108,24.72878412201449,32.27937745278205
3400,26.80101705342635,24.460478340803753,31.896957821884364
3480,26.346762321152568,23.986643755827807,29.4546179571183
3560,24.92771707481181,21.92304789747086,27.365507198946617
3640,23.75739266867592,21.723654586839523,26.65798669663846
3720,23.73458618355359,20.750698263493703,26.44502274776942
3800,22.76503496220036,20.036007225160482,25.5151221100187
3880,21.503117486892776,18.90970107241639,24.42705833037656
3960,21.1427679486589,18.33823542194355,22.984612477721292
4040,20.841298919693685,18.33823542194355,22.315285809556904
4120,19.518169701044243,17.600410621570873,21.50030328214625
4200,19.289149951610668,17.496341115307985,21.342181747407366
4280,18.563225009529987,17.459836952131013,20.518576309468862
4360,17.991954215940595,17.038362943444923,20.36705551685798
4440,17.991954215940595,16.690777611308235,20.35201069653045
4520,17.48604058001436,16.414817822163172,19.907228035545202
4600,17.48604058001436,16.414817822163172,19.672163983223683
4680,17.302831159423107,15.776032883220765,19.483357839040004
4760,17.225298414082346,15.575335370458767,19.04341172941693
4840,16.958528733052106,15.575335370458767,18.982606841683946
4920,16.745427735231658,15.575335370458767,18.878963296107514
5000,16.745427735231658,14.89575876773781,18.70385750351025
5080,16.273418785019643,14.257196227105482,18.59344578068216
5160,16.273418785019643,14.253559462636225,18.426010350806997
5240,16.215918099847528,14.186168069551528,18.37842337940051
5320,16.215918099847528,14.126361345768125,18.37842337940051
5400,16.07574994114313,13.981964068925265,18.16115015122483
5480,15.869568131510718,13.892624225056707,18.133457589378523
5560,15.835798415458711,13.874735122527056,18.133457589378523
5640,15.692805105073418,13.853265950826405,17.950780970304855
5720,15.671517150568107,13.750606888601247,17.94252029451878
5800,15.661733561832222,13.704738691963328,17.88505940890935
5880,15.616229406182939,13.687902453449055,17.82159178562955
5960,15.555721364255916,13.681341003593523,17.810315757941503
6040,15.498127275906128,13.559572236006687,17.802393836830255
6120,15.49577813210037,13.383440794725523,17.7534605409736
6200,15.394236435752617,13.3801086682124,17.736112918734676
6280,15.355523711217415,13.3801086682124,17.724002887747183
6360,15.268932154508562,13.324479666079299,17.633708589043557
6440,15.232510101435537,13.274050898763235,17.61109304914548
6520,15.224458687799142,13.224029342723192,17.61109304914548
6600,15.173328045242172,13.200224786509182,17.5876907698122
6680,15.159703918818565,13.188234057502065,17.578568432736155
6760,15.152169659009402,13.131870123637277,17.574899338808528
6840,15.152169659009402,13.10918623068686,17.574500800314695
6920,15.118743083785702,13.096483246888184,17.552630420289546
7000,15.104497159437585,13.077559167154334,17.5367134212319
7080,15.085551788772321,13.077559167154334,17.513792121285604
7160,15.082625639725535,13.051657448768104,17.50447293323488
7240,15.076567056114385,13.031194041964554,17.489599756569298
7320,15.067872514695551,13.030483032036557,17.474870273885628
7400,15.058997818973054,13.027300249351562,17.474324468475047
7480,15.024034306704735,13.026033351971556,17.471876195726416
7560,15.024034306704735,13.018804091540972,17.471876195726416
7640,15.015806432247828,13.008492872076715,17.46501275073289
7720,15.01246538948385,12.997201305113926,17.46501275073289
7800,15.01246538948385,12.997010297010569,17.456847442794682
7880,15.005203480737023,12.99089396745422,17.44357428291918
7960,15.004745689979956,12.98562919660705,17.442441584442
8040,14.986055352121014,12.98562919660705,17.440318543379774
8120,14.97843820299444,12.982650963786256,17.438085753002134
8200,14.978150880908956,12.979031435721076,17.43695643554564
8280,14.974180464120323,12.977988474522839,17.43497978697895
8360,14.969210281952513,12.9692007210256,17.43414888722696
8440,14.96063676939086,12.965875939894929,17.43286901496844
8520,14.95969313317211,12.95946290936525,17.431499355042426
8600,14.955218042622477,12.959358549274853,17.429336701724566
8680,14.953158970873929,12.958193424821587,17.42666519848693
8760,14.94748673587155,12.956441599391653,17.423797912558136
8840,14.94412359620155,12.956297528351008,17.423472637811543
8920,14.943960508477872,12.95174111213646,17.42183338978746
9000,14.942937202842145,12.95062130313027,17.420870778409608
9080,14.94170180831172,12.949469745657723,17.420662984045236
9160,14.940360600050994,12.949029921004076,17.419862398691727
9240,14.939792355537733,12.946127383611952,17.418410274075747
9320,14.935926190818662,12.944864500163817,17.41825646268797
9400,14.935666166453032,12.943663961473575,17.417986082765573
9480,14.934101987765146,12.943663961473575,17.416518399880083
9560,14.934062634072092,12.94329759042656,17.416151568742556
9640,14.93391801940858,12.942473447358275,17.415920338748258
9720,14.932748149869653,12.942294988115293,17.415107385379457
9800,14.932748149869653,12.941604621530729,17.41475275002373
9880,14.931681292236519,12.940914568964217,17.41454367630066
9960,14.930606715950319,12.94045835693057,17.414370087984032
10040,14.930356242807377,12.939929194106746,17.414299962868355
10120,14.928574173464838,12.939778910000364,17.4142482247725
10200,14.928574173464838,12.939159710088298,17.4142482247725
10280,14.928574173464838,12.938650602808174,17.413992412503234
10360,14.928344887517369,12.938636171903468,17.413754001379452
10440,14.927464801768195,12.937905794077437,17.413572072106156
10520,14.927189356454662,12.937799363432681,17.413199279976915
10600,14.927189224388101,12.937666947546106,17.413199279976915
10680,14.926566945405426,12.937307826752658,17.41295541260424
10760,14.926560516609669,12.936924827397746,17.412928133022923
10840,14.926293039031677,12.936924827397746,17.412715073055388
10920,14.926170492177178,12.936615142715738,17.412668040145824
11000,14.925855889683504,12.936453225151062,17.412606268002875
11080,14.925826620847204,12.936424373577303,17.41242675431974
11160,14.925575932422618,12.936240423801614,17.41242675431974
11240,14.925513393761037,12.935910575355386,17.412375685353823
11320,14.925505564173406,12.935814367444245,17.412320468723173
11400,14.925397859314302,12.935582216522157,17.412206720137412
11480,14.925102447375608,12.935536686558677,17.412175138566546
11560,14.925094253624891,12.93552450883935,17.412166149215835
11640,14.925054318418077,12.935365954815317,17.412106607993962
11720,14.924976863087252,12.935196294830419,17.412087725407446
11800,14.924954348299352,12.935196294830419,17.41203823221894
11880,14.924877741167549,12.93498995135402,17.412035163627316
11960,14.924800554667513,12.93498995135402,17.412008231422007
12040,14.924792791801977,12.934870928028069,17.41199953957822
12120,14.924739501395223,12.934870928028069,17.41195201865858
12200,14.924734629385355,12.934870928028069,17.411946320919448
12280,14.92473189041499,12.93486939077966,17.411902570611694
12360,14.924660592403669,12.93483164561956,17.41189887688457
12440,14.924628469499694,12.934804185440939,17.411865288804464
12520,14.924614343025766,12.934802635918643,17.411865288804464
12600,14.924597958891141,12.934759553282632,17.411856662328937
12680,14.924588506997466,12.934759553282632,17.411855395549402
12760,14.924539528870937,12.93471966237329,17.411837234189974
12840,14.924539528870937,12.93471839956839,17.411833652358588
12920,14.924539528870937,12.934691795783202,17.411824263390564
13000,14.924506635415966,12.934687007047202,17.411824263390564
13080,14.924491921599426,12.934665314470962,17.411819636882818
13160,14.924491921599426,12.93466065973297,17.411819341941346
13240,14.924487899082635,12.934639115717616,17.411813203626778
13320,14.92447145913816,12.934639115717616,17.411810753084822
13400,14.924466658473676,12.934611803161218,17.411809992313117
13480,14.924443874975623,12.934611803161218,17.411806780232617
13560,14.924435957104222,12.934607719497151,17.411800478776193
13640,14.924435957104222,12.934602308315348,17.411799191725542
13720,14.924434656960742,12.934575986423788,17.411797597976864
13800,14.924434656960742,12.934561562251105,17.41179453695449
13880,14.924425200366471,12.93455922476604,17.411791878801914
13960,14.9244228682617,12.93455191086285,17.41178824845141
14040,14.924419801759313,12.934551329739563,17.41178824845141
14120,14.924419801759313,12.934537808684226,17.41178705109082
14200,14.924413132834786,12.934533985681043,17.411784371848114
14280,14.924411348615834,12.934532752611588,17.41178241061352
14360,14.924410734087942,12.93452202614177,17.41178234345943
14440,14.924408465096406,12.934516539132353,17.411782183868276
14520,14.924400079968237,12.934516201446584,17.411781778321043
14600,14.924400079968237,12.934506070353123,17.41178016062448
14680,14.924399365906254,12.93450500632106,17.411776573880793
14760,14.924396972412268,12.93450178417173,17.411776515510233
14840,14.924394260931123,12.934497803998646,17.411775356674077
14920,14.924394260931123,12.934495234342016,17.411775356674077
15000,14.924391913535985,12.934493180351552,17.411774661085836
15080,14.924390895167832,12.934486349015188,17.41177461820285
15160,14.924390412472349,12.934484935418098,17.411774183299386
15240,14.924390412472349,12.934484935418098,17.411774183299386
15320,14.924390412472349,12.934484935418098,17.411773606901853
15400,14.924389063485705,12.934484935418098,17.411773252842117
15480,14.924388964485217,12.934482294875068,17.411773001517638
15560,14.924387666593276,12.93448123655368,17.411772930766013
15640,14.924387428571109,12.934481185373976,17.41177286261844
15720,14.924387121950872,12.9344802914867,17.41177269662297
15800,14.924386183918884,12.934476535458415,17.41177237372502
15880,14.924385829812977,12.934475465976163,17.411772294244045
15960,14.924385829812977,12.93447518271688,17.41177209441119
16040,14.924384863586269,12.93447409141929,17.411772013484978
16120,14.924384863586269,12.934472729257642,17.411771818381226
16200,14.924384395689572,12.934472083941998,17.411771658329812
16280,14.924384216878622,12.934471918683542,17.411771640192015
16360,14.924384059229723,12.934471300156396,17.41177161440202
16440,14.924383737038212,12.934470730459289,17.41177161420393
16520,14.92438331044545,12.934469674993856,17.411771536223263
16600,14.924382730741243,12.934469184558537,17.411771486481477
16680,14.924382730741243,12.934467943244435,17.411771404624716
16760,14.924382423100468,12.934466996565597,17.41177134834949
16840,14.924382423100468,12.934466696726133,17.41177127698036
16920,14.924382349484318,12.934466322221716,17.41177126957207
17000,14.92438218957976,12.934465973862608,17.411771267467472
17080,14.924382183589444,12.934465565749882,17.411771215472484
17160,14.92438192560455,12.93446555358937,17.411771155959734
17240,14.92438192560455,12.934465363307254,17.411771155959734
17320,14.924381808242359,12.93446523004937,17.41177115319256
17400,14.924381761488817,12.93446510904365,17.411771106629878
17480,14.924381684950532,12.934464996889893,17.411771074168037
17560,14.924381590365101,12.934464781359694,17.411771064208892
17640,14.924381414383376,12.934464571796468,17.411771025247994
17720,14.924381412546282,12.934464571796468,17.41177101453941
17800,14.924381361958396,12.934464505631638,17.41177101453941
17880,14.924381321718968,12.934464161397493,17.41177101453941
17960,14.924381303542248,12.934463799197331,17.411771014415017
18040,14.9243812490392,12.934463790132348,17.4117709880993
18120,14.924381215082448,12.934463616472542,17.4117709777399
18200,14.924381158507884,12.934463578362596,17.41177097117435
18280,14.924381100900987,12.93446350013496,17.41177096674175
18360,14.924381053152075,12.934463494431306,17.41177096162056
18440,14.92438103422586,12.934463400633803,17.411770960355724
18520,14.924381027778324,12.934463396822004,17.411770950028256
18600,14.924381024573478,12.934463288442224,17.411770943470003
18680,14.924380994427878,12.934463270184075,17.411770943416848
18760,14.9243809817727,12.934463239600177,17.411770940725987
18840,14.924380963688748,12.934463239005566,17.411770940725987
18920,14.924380963688748,12.934463208211682,17.411770934502442
19000,14.924380959784742,12.934463164109275,17.411770932286743
19080,14.92438094643704,12.934463103216686,17.4117709306376
19160,14.924380918920633,12.9344630988179,17.411770929746687
19240,14.924380915680914,12.934463079898272,17.411770929746687
19320,14.924380905405783,12.934463042542582,17.411770929746687
19400,14.924380899546946,12.934463011953774,17.411770924305863
19480,14.92438088662513,12.934462979108183,17.41177092325507
19560,14.92438088662513,12.934462931152403,17.41177092055515
19640,14.924380883064202,12.934462921111795,17.41177091834362
19720,14.924380878659221,12.934462900893976,17.41177091613003
19800,14.924380869733781,12.934462883780604,17.41177091510452
19880,14.924380869733781,12.934462866622333,17.4117709149199
19960,14.924380867621863,12.934462835392324,17.41177091400953
